[
  {
    "id": 1,
    "dateOfCreate": 20230321,
    "Object": "Mini-Groups",
    "image": "../img/photos/mentors/ViktoriaVi.jpg",
    "imgName": "Viktoria Vi",
    "imgText": "gasdg fdsgs sagas gd sagd",
    "name": "Мини-группа по подготовке к профильному ЕГЭ «Повторим все/хочу 60+",
    "description": "Разберем все темы и прототипы 1-12 задания, которые могут попасться на реальном ЕГЭ. Вас ждет домашнее задние с проверкой, разбор реальных вариантов ЕГЭ прошлых лет, что позволит сдать экзамен на 60+",
    "price": "7000 р/ месяц или 12000 рублей за весь курс",
    "tags": {
      "data-classes": "7 8 9",
      "data-groups": "OGE",
      "data-types": "mentor"
    },
    "Kalendar": [{"day":"Понедельник","time":"17:00"},{"day": "Четверг", "time":"17:00"}],
    "HighLights":[
      {"img":"2_months.png","text":"2 месяца"},
      {"img":"2_times_a_week_for_90_minutes.png","text":"2 раза в неделю по 90 минут"},
      {"img":"5_6_people.png","text":"5-6 человек в группе"},
      {"img":"live_communication.png","text":"живое общение учеников и преподавателя"},
      {"img":"homework_wth_check.png","text":"домашнее задание с проверкой"},
      {"img":"Class_notes.png","text":"конспекты занятий"}
      ]
  },

  {
    "id": 2,
    "dateOfCreate": 20230321,
    "Object": "Mini-Groups",
    "imgName  ": "Viktoria Vi",
    "imgText": "gasdg fdsgs sagas gd sagd",
    "image": "../img/photos/mentors/ViktoriaVi.jpg",
    "name": "Мини-группа по подготовке к профильному ЕГЭ «Повторим все/хочу 70+",
    "description": "Разберем все темы и прототипы 1-12,14,15 заданий, которые могут попасться на реальном ЕГЭ. Вас ждет домашнее задние с проверкой, разбор реальных вариантов ЕГЭ прошлых лет, что позволит сдать экзамен на 60+",
    "price": "7000 р/ месяц или 12000 рублей за весь курс.",
    "tags": {
      "data-classes": "7 8 9",
      "data-groups": "Pov",
      "data-types": "course"
    },
    "Kalendar": [{"day":"Понедельник","time":"17:00"},{"day": "Четверг", "time":"17:00"}],
    "HighLights":[
      {"img":"2_months.png","text":"2 месяца"},
      {"img":"2_times_a_week_for_90_minutes.png","text":"2 раза в неделю по 90 минут"},
      {"img":"5_6_people.png","text":"5-6 человек в группе"},
      {"img":"live_communication.png","text":"живое общение учеников и преподавателя"},
      {"img":"homework_wth_check.png","text":"домашнее задание с проверкой"},
      {"img":"Class_notes.png","text":"конспекты занятий"}
      ]
  },

  {
    "id": 3,
    "dateOfCreate": 20230321,
    "Object": "Mini-Groups",
    "image": "../img/photos/mentors/ViktoriaVi.jpg",
    "name": "Мини-группа по подготовке к ОГЭ «Повторим все/хочу 5",
    "description": "За два месяца мы повторим все темы из ОГЭ, в том числе задания второй части. Разберем типичные ошибки, ловушки экзамена и самые сложные задания, что позволит сдать экзамен на 5",
    "price": "6000 р/ месяц или 10000 рублей за весь курс. ",
    "tags": {
      "data-classes": "10 11",
      "data-groups": "EGE",
      "data-types": "course"
    },
    "Kalendar": [{"day":"Понедельник","time":"17:00"},{"day": "Четверг", "time":"17:00"}],
    "HighLights":[
      {"img":"2_months.png","text":"2 месяца"},
      {"img":"2_times_a_week_for_90_minutes.png","text":"2 раза в неделю по 90 минут"},
      {"img":"5_6_people.png","text":"5-6 человек в группе"},
      {"img":"live_communication.png","text":"живое общение учеников и преподавателя"},
      {"img":"homework_wth_check.png","text":"домашнее задание с проверкой"},
      {"img":"Class_notes.png","text":"конспекты занятий"}
      ]
  },

  {
    "id": 4,
    "dateOfCreate": 20230321,
    "Object": "Mini-Groups",
    "image": "../img/photos/mentors/ViktoriaVi.jpg",
    "name": "Мини-группа по подготовке к ОГЭ «Повторим все/хочу 4",
    "description": "За два месяца мы повторим каждое задание первый части ОГЭ, разберем реальные варианты прошлых лет, устраним пробелы и сдадим экзамен как минимум на 4",
    "price": "6000 р/ месяц или 10000 рублей за весь курс. ",
    "tags": {
      "data-classes": "5 6",
      "data-groups": "Pov",
      "data-types": "mini-group"
    },
    "Kalendar": [{"day":"Вторник","time":"17:00"},{"day": "Пятница", "time":"17:00"}],
    "HighLights":[
      {"img":"2_months.png","text":"2 месяца"},
      {"img":"2_times_a_week_for_90_minutes.png","text":"2 раза в неделю по 90 минут"},
      {"img":"5_6_people.png","text":"5-6 человек в группе"},
      {"img":"live_communication.png","text":"живое общение учеников и преподавателя"},
      {"img":"homework_wth_check.png","text":"домашнее задание с проверкой"},
      {"img":"Class_notes.png","text":"конспекты занятий"}
      ]
  }
]