[
  {
    "id": 1,
    "object": "Mini-Groups",
    "image": "../img/photos/mentors/ViktoriaVi.jpg",
    "imgName": "Viktoria Vi",
    "imgText": "gasdg fdsgs sagas gd sagd",
    "name": "Мини-группа по подготовке к профильному ЕГЭ «Повторим все/хочу 60+",
    "miniName": "Повторим все/хочу 60+",
    "description": "Разберем все темы и прототипы 1-12 задания, которые могут попасться на реальном ЕГЭ. Вас ждет домашнее задние с проверкой, разбор реальных вариантов ЕГЭ прошлых лет, что позволит сдать экзамен на 60+",
    "markers": ["2 месяца", "Конспекты", "2 занятия в неделю по 90 минут", "5-6 человек в группе", "Живое общение учеников и преподавателя", "Домашнее задание с проверкой"],
    "price": "7000 р/месяц или 12000 рублей за весь курс",
    "tags": {
      "data-classes": "7 8 9",
      "data-groups": "OGE",
      "data-types": "mentor"
    },
    "calendar": [{"day":"Пн","time":"17:00"},{"day": "Чт", "time":"17:00"}],
    "nameTags": ["9 класс", "Подготовка к ОГЭ"],
    "productInfo": "1-5 задания: Шины, теплицы, печки, участки, квартиры и др. <br> 6. Числа и вычисления <br> 7. Числовые неравенства, координатная прямая <br> 8. Числа, вычисления и алгебраические выражения <br> 9. Уравнения, системы уравнения <br> 10. Статистика, вероятности..."
  },

  {
    "id": 2,
    "object": "Mini-Groups",
    "imgName  ": "",
    "imgText": "",
    "image": "../img/photos/mentors/ViktoriaVi.jpg",
    "name": "Мини-группа по подготовке к профильному ЕГЭ «Повторим все/хочу 70+",
    "miniName": "Повторим все/хочу 70+",
    "description": "Разберем все темы и прототипы 1-12,14,15 заданий, которые могут попасться на реальном ЕГЭ. Вас ждет домашнее задние с проверкой, разбор реальных вариантов ЕГЭ прошлых лет, что позволит сдать экзамен на 60+",
    "markers": ["2 месяца", "Конспекты", "2 занятия в неделю по 90 минут", "5-6 человек в группе", "Живое общение учеников и преподавателя", "Домашнее задание с проверкой"],
    "price": "7000 р/месяц или 12000 рублей за весь курс.",
    "tags": {
      "data-classes": "7 8 9",
      "data-groups": "Pov",
      "data-types": "course"
    },
    "calendar": [{"day":"Пн","time":"17:00"},{"day": "Чт", "time":"17:00"}],
    "nameTags": ["9 класс", "Подготовка к ОГЭ"],
    "productInfo": "1-5 задания: Шины, теплицы, печки, участки, квартиры и др. <br> 6. Числа и вычисления <br> 7. Числовые неравенства, координатная прямая <br> 8. Числа, вычисления и алгебраические выражения <br> 9. Уравнения, системы уравнения <br> 10. Статистика, вероятности..."
  }
]